{
  "checkpoints": [
    {
      "count": 100,
      "rmse": 0.07540568677907045,
      "psnr": 22.787516971169968,
      "ssim": 0.805144727230072,
      "lpips": 0.14218346297740936
    },
    {
      "count": 200,
      "rmse": 0.06750401578406923,
      "psnr": 23.824998313623,
      "ssim": 0.8134983777999878,
      "lpips": 0.1321271009556949
    },
    {
      "count": 300,
      "rmse": 0.06449863560958727,
      "psnr": 24.151821875063547,
      "ssim": 0.8145847916603088,
      "lpips": 0.1381515853231152
    },
    {
      "count": 400,
      "rmse": 0.06305947477115328,
      "psnr": 24.296924003352284,
      "ssim": 0.8179991841316223,
      "lpips": 0.12846851175650953
    }
  ],
  "final": {
    "rmse": 0.061,
    "psnr": 24.528,
    "ssim": 0.823,
    "lpips": 0.12
  },
  "best": {
    "rmse": 0.031,
    "psnr": 30.118,
    "ssim": 0.916,
    "lpips": 0.046
  }
}